{
	"class_name" : "PinholeCameraParameters",
	"extrinsic" : 
	[
		0.68816649388122764,
		0.033177709133239572,
		-0.72479384401075619,
		0.0,
		-0.13175615760597761,
		-0.97663047502281297,
		-0.16980350464470292,
		0.0,
		-0.71348944745674203,
		0.21234913438341352,
		-0.66771300234044262,
		0.0,
		-0.16620502680114727,
		-1.2258238116016518,
		-0.57637663639655479,
		1.0
	],
	"intrinsic" : 
	{
		"height" : 480,
		"intrinsic_matrix" : 
		[
			415.69219381653056,
			0.0,
			0.0,
			0.0,
			415.69219381653056,
			0.0,
			319.5,
			239.5,
			1.0
		],
		"width" : 640
	},
	"version_major" : 1,
	"version_minor" : 0
}