{
	"CalibrationInformation": {
		"Cameras": [
			{
				"Intrinsics": {
					"ModelParameterCount": 14,
					"ModelParameters": [
						0.500508189201355,
						0.5013743042945862,
						0.4924876093864441,
						0.49260014295578005,
						2.106503486633301,
						1.1806819438934327,
						0.055900365114212039,
						2.4409725666046144,
						1.8378355503082276,
						0.30888718366622927,
						0,
						0,
						0.00012079608859494328,
						0.00003092565748374909
					],
					"ModelType": "CALIBRATION_LensDistortionModelBrownConrady"
				},
				"Location": "CALIBRATION_CameraLocationD0",
				"Purpose": "CALIBRATION_CameraPurposeDepth",
				"MetricRadius": 1.739999771118164,
				"Rt": {
					"Rotation": [
						1,
						0,
						0,
						0,
						1,
						0,
						0,
						0,
						1
					],
					"Translation": [
						0,
						0,
						0
					]
				},
				"SensorHeight": 1024,
				"SensorWidth": 1024,
				"Shutter": "CALIBRATION_ShutterTypeUndefined",
				"ThermalAdjustmentParams": {
					"Params": [
						0,
						0,
						0,
						0,
						0,
						0,
						0,
						0,
						0,
						0,
						0,
						0
					]
				}
			},
			{
				"Intrinsics": {
					"ModelParameterCount": 14,
					"ModelParameters": [
						0.5008770823478699,
						0.5071766972541809,
						0.47407862544059756,
						0.6320724487304688,
						0.27391499280929568,
						-2.5240612030029299,
						1.5588164329528809,
						0.15593090653419496,
						-2.338226079940796,
						1.4765729904174805,
						0,
						0,
						-0.00013232982018962502,
						0.00021684213425032794
					],
					"ModelType": "CALIBRATION_LensDistortionModelBrownConrady"
				},
				"Location": "CALIBRATION_CameraLocationPV0",
				"Purpose": "CALIBRATION_CameraPurposePhotoVideo",
				"MetricRadius": 0,
				"Rt": {
					"Rotation": [
						0.9999699592590332,
						0.007553481962531805,
						-0.0017296981532126666,
						-0.007331969682127237,
						0.9945220351219177,
						0.10426951199769974,
						0.0025078209582716228,
						-0.10425370186567307,
						0.9945475459098816
					],
					"Translation": [
						-0.03211156651377678,
						-0.001869719009846449,
						0.004080190788954496
					]
				},
				"SensorHeight": 3072,
				"SensorWidth": 4096,
				"Shutter": "CALIBRATION_ShutterTypeUndefined",
				"ThermalAdjustmentParams": {
					"Params": [
						0,
						0,
						0,
						0,
						0,
						0,
						0,
						0,
						0,
						0,
						0,
						0
					]
				}
			}
		],
		"InertialSensors": [
			{
				"BiasTemperatureModel": [
					-0.029135040938854219,
					0,
					0,
					0,
					0.03369203582406044,
					0,
					0,
					0,
					-0.009440608322620392,
					0,
					0,
					0
				],
				"BiasUncertainty": [
					0.00009999999747378752,
					0.00009999999747378752,
					0.00009999999747378752
				],
				"Id": "CALIBRATION_InertialSensorId_LSM6DSM",
				"MixingMatrixTemperatureModel": [
					1.0022839307785035,
					0,
					0,
					0,
					0.0011610040673986078,
					0,
					0,
					0,
					0.0027189559768885376,
					0,
					0,
					0,
					0.0011777090840041638,
					0,
					0,
					0,
					0.9880669116973877,
					0,
					0,
					0,
					-0.00268310378305614,
					0,
					0,
					0,
					0.0027521755546331407,
					0,
					0,
					0,
					-0.002677361946552992,
					0,
					0,
					0,
					0.9901919364929199,
					0,
					0,
					0
				],
				"ModelTypeMask": 16,
				"Noise": [
					0.0009500000160187483,
					0.0009500000160187483,
					0.0009500000160187483,
					0,
					0,
					0
				],
				"Rt": {
					"Rotation": [
						0.009190485812723637,
						0.10935688018798828,
						-0.9939600825309753,
						-0.9999266266822815,
						-0.006838327273726463,
						-0.009998016990721226,
						-0.007890376262366772,
						0.9939790368080139,
						0.10928600281476975
					],
					"Translation": [
						0,
						0,
						0
					]
				},
				"SecondOrderScaling": [
					0,
					0,
					0,
					0,
					0,
					0,
					0,
					0,
					0
				],
				"SensorType": "CALIBRATION_InertialSensorType_Gyro",
				"TemperatureBounds": [
					5,
					60
				],
				"TemperatureC": 0
			},
			{
				"BiasTemperatureModel": [
					0.23098224401474,
					0,
					0,
					0,
					0.06285107135772705,
					0,
					0,
					0,
					-0.34291985630989077,
					0,
					0,
					0
				],
				"BiasUncertainty": [
					0.009999999776482582,
					0.009999999776482582,
					0.009999999776482582
				],
				"Id": "CALIBRATION_InertialSensorId_LSM6DSM",
				"MixingMatrixTemperatureModel": [
					1.002274751663208,
					0,
					0,
					0,
					-0.0016718608094379306,
					0,
					0,
					0,
					-0.0009085790952667594,
					0,
					0,
					0,
					-0.001678045722655952,
					0,
					0,
					0,
					0.9985799789428711,
					0,
					0,
					0,
					-0.0004058347549289465,
					0,
					0,
					0,
					-0.0009174075094051659,
					0,
					0,
					0,
					-0.000408267806051299,
					0,
					0,
					0,
					0.9926270842552185,
					0,
					0,
					0
				],
				"ModelTypeMask": 56,
				"Noise": [
					0.010700000450015068,
					0.010700000450015068,
					0.010700000450015068,
					0,
					0,
					0
				],
				"Rt": {
					"Rotation": [
						-0.00046275719068944454,
						0.10682181268930435,
						-0.994278073310852,
						-0.9999904036521912,
						-0.004381247796118259,
						-0.000005290334229357541,
						-0.004356743767857552,
						0.994268536567688,
						0.10682281106710434
					],
					"Translation": [
						-0.050916142761707309,
						0.0035838233307003977,
						0.0014364324742928148
					]
				},
				"SecondOrderScaling": [
					0,
					0,
					0,
					0,
					0,
					0,
					0,
					0,
					0
				],
				"SensorType": "CALIBRATION_InertialSensorType_Accelerometer",
				"TemperatureBounds": [
					5,
					60
				],
				"TemperatureC": 0
			}
		],
		"Metadata": {
			"SerialId": "000927310812",
			"FactoryCalDate": "3/1/2021 10:36:40 AM GMT",
			"Version": {
				"Major": 1,
				"Minor": 2
			},
			"DeviceName": "AzureKinect-PV",
			"Notes": "PV0_max_radius_invalid"
		}
	}
}